Org Name,CN,Cert
"AcmeTelecom, Inc.","SHAKEN","https://65.108.80.93/cert.pem"
"Bandwidth.com","SHAKEN 979E","https://bw-shaken-cert-pub.s3.amazonaws.com/bw-can-shaken_20250706.pem"
"Broadband Dynamics Canada Telecom and Software ULC","SHAKEN Broadband Dynamics Canada Telecom and Software ULC 884J","https://canada-cr.sansay.com/Broadband_Dynamics_Canada_Telecom_and_Software_ULC_884J"
"VOSLogic.com","SHAKEN","https://cdn.cnxcdn.com/shaken/59.crt"
"BareTelecom","SHAKEN 864J","https://certificates.clearip.com/068da5f9-4dcc-47ef-be68-4fde86a6b74d/ff4ec92607f6887e366b98326e5cba05.pem"
"CallCurrent, Inc.","SHAKEN 012K","https://certificates.clearip.com/06ebd24a-1f0a-46d5-8a2f-a7ae49be8ed6/08d04d1bfffa8ddf52073599e552f0bc.pem"
"CallCurrent, Inc.","SHAKEN 012K","https://certificates.clearip.com/06ebd24a-1f0a-46d5-8a2f-a7ae49be8ed6/0c9a719c72aa49bcf22901b2adde4af8.pem"
"CallCurrent, Inc.","SHAKEN 012K","https://certificates.clearip.com/06ebd24a-1f0a-46d5-8a2f-a7ae49be8ed6/1113803cceb280f3ccac101750f2ef94.pem"
"CallCurrent, Inc.","SHAKEN 012K","https://certificates.clearip.com/06ebd24a-1f0a-46d5-8a2f-a7ae49be8ed6/157efbd6e90975181fbc78fcd1eeb24b.pem"
"CallCurrent, Inc.","SHAKEN 012K","https://certificates.clearip.com/06ebd24a-1f0a-46d5-8a2f-a7ae49be8ed6/26df75cb7d2e038e81030c5256f57e50.pem"
"CallCurrent, Inc.","SHAKEN 012K","https://certificates.clearip.com/06ebd24a-1f0a-46d5-8a2f-a7ae49be8ed6/2d9c4131825627aaf47bd2c9471d43ae.pem"
"CallCurrent, Inc.","SHAKEN 012K","https://certificates.clearip.com/06ebd24a-1f0a-46d5-8a2f-a7ae49be8ed6/3c25289bcc5828aea47638974bae5fc1.pem"
"CallCurrent, Inc.","SHAKEN 012K","https://certificates.clearip.com/06ebd24a-1f0a-46d5-8a2f-a7ae49be8ed6/7e8d155e861ba3f54a4a668bb1f922bd.pem"
"CallCurrent, Inc.","SHAKEN 012K","https://certificates.clearip.com/06ebd24a-1f0a-46d5-8a2f-a7ae49be8ed6/ade3cb8b64d1f4be0937804e24edc5ef.pem"
"CallCurrent, Inc.","SHAKEN 012K","https://certificates.clearip.com/06ebd24a-1f0a-46d5-8a2f-a7ae49be8ed6/b8b074c91e0ff60930ea3d455a6ebfe9.pem"
"CallCurrent, Inc.","SHAKEN 012K","https://certificates.clearip.com/06ebd24a-1f0a-46d5-8a2f-a7ae49be8ed6/c3a0ed681ceac85c43c313ee38480028.pem"
"CallCurrent, Inc.","SHAKEN 012K","https://certificates.clearip.com/06ebd24a-1f0a-46d5-8a2f-a7ae49be8ed6/e9c841d36c0884971c0f59b51bf8e12f.pem"
"CallCurrent, Inc.","SHAKEN 012K","https://certificates.clearip.com/06ebd24a-1f0a-46d5-8a2f-a7ae49be8ed6/f9b29cef06e6ff71d53840ee3895c3b7.pem"
"Panterra Networks Inc.","SHAKEN 674J","https://certificates.clearip.com/0b98ecf4-0a43-4b89-8fc0-8e029d8258fa/25e86073acc22df29d897d0ba648734f.pem"
"Panterra Networks Inc.","SHAKEN 674J","https://certificates.clearip.com/0b98ecf4-0a43-4b89-8fc0-8e029d8258fa/3e325d475b55650db218201479f9e444.pem"
"Panterra Networks Inc.","SHAKEN 674J","https://certificates.clearip.com/0b98ecf4-0a43-4b89-8fc0-8e029d8258fa/7f1d21dc26446452e0caa5d5a5f2accd.pem"
"Panterra Networks Inc.","SHAKEN 674J","https://certificates.clearip.com/0b98ecf4-0a43-4b89-8fc0-8e029d8258fa/8926494694b87a798ea6ce1b32b37a55.pem"
"Panterra Networks Inc.","SHAKEN 674J","https://certificates.clearip.com/0b98ecf4-0a43-4b89-8fc0-8e029d8258fa/a931252f09bf31ed37d08dbe13acb285.pem"
"Panterra Networks Inc.","SHAKEN 674J","https://certificates.clearip.com/0b98ecf4-0a43-4b89-8fc0-8e029d8258fa/af2f7f3fd159653a28c1c5013efd6c8e.pem"
"Panterra Networks Inc.","SHAKEN 674J","https://certificates.clearip.com/0b98ecf4-0a43-4b89-8fc0-8e029d8258fa/bd16518450fdc9b0e55bc59cd934697c.pem"
"Panterra Networks Inc.","SHAKEN 674J","https://certificates.clearip.com/0b98ecf4-0a43-4b89-8fc0-8e029d8258fa/c2c3d7ec98bdd25d87e7944fbce62f43.pem"
"Panterra Networks Inc.","SHAKEN 674J","https://certificates.clearip.com/0b98ecf4-0a43-4b89-8fc0-8e029d8258fa/c965b971d4b3e1371cd7155cfb0b07d5.pem"
"Panterra Networks Inc.","SHAKEN 674J","https://certificates.clearip.com/0b98ecf4-0a43-4b89-8fc0-8e029d8258fa/d2b8b1f293ff866315d7126f6e254058.pem"
"Panterra Networks Inc.","SHAKEN 674J","https://certificates.clearip.com/0b98ecf4-0a43-4b89-8fc0-8e029d8258fa/e1722e7aa08be1907fea5bfc847bb891.pem"
"Telware","SHAKEN 060K","https://certificates.clearip.com/0c4e235f-3e3e-4dd3-bbfc-2f15badab180/0962266d3fd2cc4e4b006b3ea70b8519.pem"
"Telware","SHAKEN 060K","https://certificates.clearip.com/0c4e235f-3e3e-4dd3-bbfc-2f15badab180/498e6bc9aadd715424ff8414c174cf7b.pem"
"Telware","SHAKEN 060K","https://certificates.clearip.com/0c4e235f-3e3e-4dd3-bbfc-2f15badab180/655d0a57a1487790f33100d907332e2e.pem"
"Telware","SHAKEN 060K","https://certificates.clearip.com/0c4e235f-3e3e-4dd3-bbfc-2f15badab180/7ae1b4020d8c139147fbf535be312609.pem"
"Telware","SHAKEN 060K","https://certificates.clearip.com/0c4e235f-3e3e-4dd3-bbfc-2f15badab180/91271860c25e90e9c6b179c90e046f97.pem"
"Telware","SHAKEN 060K","https://certificates.clearip.com/0c4e235f-3e3e-4dd3-bbfc-2f15badab180/9719c0e4dbfe850baf03f6c3b5cb85b6.pem"
"Telware","SHAKEN 060K","https://certificates.clearip.com/0c4e235f-3e3e-4dd3-bbfc-2f15badab180/b6892033e7e35d5357abf1a641073bf6.pem"
"Telware","SHAKEN 060K","https://certificates.clearip.com/0c4e235f-3e3e-4dd3-bbfc-2f15badab180/df9628ea058b94fa4b83e51d15bffb80.pem"
"Telware","SHAKEN 060K","https://certificates.clearip.com/0c4e235f-3e3e-4dd3-bbfc-2f15badab180/e97f2e3caeaa3c3daafecb38f2c2ead3.pem"
"CentraCom","SHAKEN 2277","https://certificates.clearip.com/0ed28b24-35cd-4fbe-82b2-ae7b4e44f3d3/becf02556a3fe0add34e22f52442d2cf.pem"
"CentraCom","SHAKEN 2277","https://certificates.clearip.com/0ed28b24-35cd-4fbe-82b2-ae7b4e44f3d3/e096c22db9c707afa3ea6bcd8354432f.pem"
"AVOXI Inc.","SHAKEN 735J","https://certificates.clearip.com/11124177-79f3-48b2-867a-386d4dc61c99/467ce6407e421d4db6b024d99ba3d4ea.pem"
"AVOXI Inc.","SHAKEN 735J","https://certificates.clearip.com/11124177-79f3-48b2-867a-386d4dc61c99/60797bd734fa6f7e6aa28e23adf7e4d0.pem"
"AVOXI Inc.","SHAKEN 735J","https://certificates.clearip.com/11124177-79f3-48b2-867a-386d4dc61c99/a094dbb369b0daa6b826aec6227eef7d.pem"
"Carolina Digital","SHAKEN 594J","https://certificates.clearip.com/14652271-f2ba-4197-87c0-704f8c618e4b/3f9a5e102a5aea8ae1b91aa8c557c3b3.pem"
"Carolina Digital","SHAKEN 594J","https://certificates.clearip.com/14652271-f2ba-4197-87c0-704f8c618e4b/b300b62578044f83350c02da994e07c6.pem"
"Andrew Ward Consulting LLC","SHAKEN 5512","https://certificates.clearip.com/19aed76a-a067-4715-8a05-1993cc9d939e/26060a26b4428eed5762dc72a3dec527.pem"
"Andrew Ward Consulting LLC","SHAKEN 5512","https://certificates.clearip.com/19aed76a-a067-4715-8a05-1993cc9d939e/617f8185f2c473295280af2549b105ba.pem"
"SIP.US LLC","SHAKEN 738J","https://certificates.clearip.com/2185f3c0-09fe-4171-ac47-5f28eb0ef48e/0d572e476e8f300d7446944c5050f70c.pem"
"SIP.US LLC","SHAKEN 738J","https://certificates.clearip.com/2185f3c0-09fe-4171-ac47-5f28eb0ef48e/3d78336053b7b3f662da3c1dd8e09dbc.pem"
"SIP.US LLC","SHAKEN 738J","https://certificates.clearip.com/2185f3c0-09fe-4171-ac47-5f28eb0ef48e/48b4adae8e4f0fb7247673d55d93a1b1.pem"
"SIP.US LLC","SHAKEN 738J","https://certificates.clearip.com/2185f3c0-09fe-4171-ac47-5f28eb0ef48e/53d173502b077fcf3a781ae2e6406bef.pem"
"SIP.US LLC","SHAKEN 738J","https://certificates.clearip.com/2185f3c0-09fe-4171-ac47-5f28eb0ef48e/5d17aa712b48d03ed3f421ff19135004.pem"
"SIP.US LLC","SHAKEN 738J","https://certificates.clearip.com/2185f3c0-09fe-4171-ac47-5f28eb0ef48e/71130952ab4a6116fcb4d9e691dcd07b.pem"
"SIP.US LLC","SHAKEN 738J","https://certificates.clearip.com/2185f3c0-09fe-4171-ac47-5f28eb0ef48e/79dc89e8c0b9c3a3ac084ba3a176be23.pem"
"SIP.US LLC","SHAKEN 738J","https://certificates.clearip.com/2185f3c0-09fe-4171-ac47-5f28eb0ef48e/8d05a8854c3957918f1f16bfe260b259.pem"
"SIP.US LLC","SHAKEN 738J","https://certificates.clearip.com/2185f3c0-09fe-4171-ac47-5f28eb0ef48e/a2dd72ab2b20edd2643533d9a1b707c7.pem"
"SIP.US LLC","SHAKEN 738J","https://certificates.clearip.com/2185f3c0-09fe-4171-ac47-5f28eb0ef48e/a5bfba52a9b067a36d4d5e8b5029aa4a.pem"
"SIP.US LLC","SHAKEN 738J","https://certificates.clearip.com/2185f3c0-09fe-4171-ac47-5f28eb0ef48e/bd937667966e17a77353cc12961d4dac.pem"
"SIP.US LLC","SHAKEN 738J","https://certificates.clearip.com/2185f3c0-09fe-4171-ac47-5f28eb0ef48e/bf6ea869291997d98570fe2742fac27a.pem"
"SIP.US LLC","SHAKEN 738J","https://certificates.clearip.com/2185f3c0-09fe-4171-ac47-5f28eb0ef48e/c1df43e07ecff89b5a07e9842f5a4b2e.pem"
"SIP.US LLC","SHAKEN 738J","https://certificates.clearip.com/2185f3c0-09fe-4171-ac47-5f28eb0ef48e/cb593552686d2ac2377a1f4142756a74.pem"
"SIP.US LLC","SHAKEN 738J","https://certificates.clearip.com/2185f3c0-09fe-4171-ac47-5f28eb0ef48e/d4dd548d378b19124b9e9298d5fdc444.pem"
"SIP.US LLC","SHAKEN 738J","https://certificates.clearip.com/2185f3c0-09fe-4171-ac47-5f28eb0ef48e/dabe2e0ac107650f69d7b67c5452dc68.pem"
"SIP.US LLC","SHAKEN 738J","https://certificates.clearip.com/2185f3c0-09fe-4171-ac47-5f28eb0ef48e/ecd344fdbd67f58053640fe6eb69ca35.pem"
"SIP.US LLC","SHAKEN 738J","https://certificates.clearip.com/2185f3c0-09fe-4171-ac47-5f28eb0ef48e/fc45663495547c2b981ba5eb518b75a7.pem"
"Metro Fibernet LLC","SHAKEN 700H","https://certificates.clearip.com/22b6cee0-8559-4c73-8092-6eee861c4b49/1906fe208d804599c3af0a06b8702740.pem"
"Metro Fibernet LLC","SHAKEN 700H","https://certificates.clearip.com/22b6cee0-8559-4c73-8092-6eee861c4b49/456edf5eb449fc6bfde76a596e9e3d33.pem"
"Metro Fibernet LLC","SHAKEN 700H","https://certificates.clearip.com/22b6cee0-8559-4c73-8092-6eee861c4b49/46c475c312e01772fae08f1ba01e625a.pem"
"Metro Fibernet LLC","SHAKEN 700H","https://certificates.clearip.com/22b6cee0-8559-4c73-8092-6eee861c4b49/4e561c3bed72fa2210157ce4e52b9162.pem"
"Metro Fibernet LLC","SHAKEN 700H","https://certificates.clearip.com/22b6cee0-8559-4c73-8092-6eee861c4b49/67713b8d63b008baf1325e25aecd8eb7.pem"
"Metro Fibernet LLC","SHAKEN 700H","https://certificates.clearip.com/22b6cee0-8559-4c73-8092-6eee861c4b49/7744a0084b327adfeb92a083ee14fb3e.pem"
"Metro Fibernet LLC","SHAKEN 700H","https://certificates.clearip.com/22b6cee0-8559-4c73-8092-6eee861c4b49/80dac5c4f15ae1e416635ee9e89c8bca.pem"
"Metro Fibernet LLC","SHAKEN 700H","https://certificates.clearip.com/22b6cee0-8559-4c73-8092-6eee861c4b49/839958f07be8c8bd339603497b5802ad.pem"
"Metro Fibernet LLC","SHAKEN 700H","https://certificates.clearip.com/22b6cee0-8559-4c73-8092-6eee861c4b49/ae1f22777aac8b17367e1d1b7899f0dd.pem"
"Metro Fibernet LLC","SHAKEN 700H","https://certificates.clearip.com/22b6cee0-8559-4c73-8092-6eee861c4b49/b672bc1e98e6e21b33ea3e861055488c.pem"
"Metro Fibernet LLC","SHAKEN 700H","https://certificates.clearip.com/22b6cee0-8559-4c73-8092-6eee861c4b49/babd8468253b37b79a802803b29504b2.pem"
"TPx","SHAKEN 7453","https://certificates.clearip.com/2a26bd25-8973-44ba-9b94-a8e4716b3888/355303e5eba4a3c0d8078939b31e7c5a.pem"
"TPx","SHAKEN 7453","https://certificates.clearip.com/2a26bd25-8973-44ba-9b94-a8e4716b3888/4233b34c3e024e119fb3d3f22b2a780c.pem"
"TPx","SHAKEN 7453","https://certificates.clearip.com/2a26bd25-8973-44ba-9b94-a8e4716b3888/4c9cfd7c1be4440cb2d95dc133ef4e14.pem"
"TPx","SHAKEN 7453","https://certificates.clearip.com/2a26bd25-8973-44ba-9b94-a8e4716b3888/94aa40176d0a91da970e8c01deb88947.pem"
"TPx","SHAKEN 7453","https://certificates.clearip.com/2a26bd25-8973-44ba-9b94-a8e4716b3888/eac658a0c2f06f600cf8e58e1359a05a.pem"
"The Tech Consultants, LLC","SHAKEN 179K","https://certificates.clearip.com/2d93d07b-20ff-4289-a40d-959976cc0595/0630c442a9ee31c6271432091950d170.pem"
"The Tech Consultants, LLC","SHAKEN 179K","https://certificates.clearip.com/2d93d07b-20ff-4289-a40d-959976cc0595/acc7328684bd54f2b672b0988753cf96.pem"
"123.Net, Inc","SHAKEN 2550","https://certificates.clearip.com/2e3276e5-a5c5-43c7-ae11-3a226bf1b5ed/0537475a5061fec2de18896aed4e5034.pem"
"123.Net, Inc","SHAKEN 2550","https://certificates.clearip.com/2e3276e5-a5c5-43c7-ae11-3a226bf1b5ed/068406d62d56cafe5285077e271f1d7b.pem"
"123.Net, Inc","SHAKEN 2550","https://certificates.clearip.com/2e3276e5-a5c5-43c7-ae11-3a226bf1b5ed/126fa678d9f0fbff23fe8c19d3168301.pem"
"123.Net, Inc","SHAKEN 2550","https://certificates.clearip.com/2e3276e5-a5c5-43c7-ae11-3a226bf1b5ed/2fa92ca193aef4dd820a6def4f41d586.pem"
"123.Net, Inc","SHAKEN 2550","https://certificates.clearip.com/2e3276e5-a5c5-43c7-ae11-3a226bf1b5ed/417a77ca8cabeb718b74f616676544c3.pem"
"123.Net, Inc","SHAKEN 2550","https://certificates.clearip.com/2e3276e5-a5c5-43c7-ae11-3a226bf1b5ed/58e3495303680bad1d5bb60ea4a777eb.pem"
"123.Net, Inc","SHAKEN 2550","https://certificates.clearip.com/2e3276e5-a5c5-43c7-ae11-3a226bf1b5ed/5cc23b30bf323860b4a4f48bccfd670f.pem"
"123.Net, Inc","SHAKEN 2550","https://certificates.clearip.com/2e3276e5-a5c5-43c7-ae11-3a226bf1b5ed/615b9ce58b326d617eebeb87cee4dcdc.pem"
"123.Net, Inc","SHAKEN 2550","https://certificates.clearip.com/2e3276e5-a5c5-43c7-ae11-3a226bf1b5ed/8cf027bfba0180817348b19dfc538290.pem"
"123.Net, Inc","SHAKEN 2550","https://certificates.clearip.com/2e3276e5-a5c5-43c7-ae11-3a226bf1b5ed/97da34bb46dd55bad1ebd901ba4dfe87.pem"
"123.Net, Inc","SHAKEN 2550","https://certificates.clearip.com/2e3276e5-a5c5-43c7-ae11-3a226bf1b5ed/b75c9140bcbc852723a7bf652d458cf1.pem"
"123.Net, Inc","SHAKEN 2550","https://certificates.clearip.com/2e3276e5-a5c5-43c7-ae11-3a226bf1b5ed/c834fe3b48bcfe7e46da134260e4dc45.pem"
"123.Net, Inc","SHAKEN 2550","https://certificates.clearip.com/2e3276e5-a5c5-43c7-ae11-3a226bf1b5ed/ccae7beeb2fafe38badbfe4104d488d2.pem"
"123.Net, Inc","SHAKEN 2550","https://certificates.clearip.com/2e3276e5-a5c5-43c7-ae11-3a226bf1b5ed/d38a887b938c075009dc4051928ecefb.pem"
"123.Net, Inc","SHAKEN 2550","https://certificates.clearip.com/2e3276e5-a5c5-43c7-ae11-3a226bf1b5ed/f554560c008ebe944b0e3774b405ff74.pem"
"OIT","SHAKEN 278K","https://certificates.clearip.com/36952c34-78d8-4c32-9499-188a418f31ba/05ae6ce0a5e287f6f86f75fdc7290078.pem"
"OIT","SHAKEN 278K","https://certificates.clearip.com/36952c34-78d8-4c32-9499-188a418f31ba/0f282f96c0be9b31b535f2c744b8ffe1.pem"
"OIT","SHAKEN 278K","https://certificates.clearip.com/36952c34-78d8-4c32-9499-188a418f31ba/1db4b7629e187513dd8c82fe505a86e3.pem"
"OIT","SHAKEN 278K","https://certificates.clearip.com/36952c34-78d8-4c32-9499-188a418f31ba/292c05077b7b6e80288715aea31e3fa1.pem"
"OIT","SHAKEN 278K","https://certificates.clearip.com/36952c34-78d8-4c32-9499-188a418f31ba/4de9a24de596a626dd4a02acbebbfed7.pem"
"OIT","SHAKEN 278K","https://certificates.clearip.com/36952c34-78d8-4c32-9499-188a418f31ba/6d53d815b286860cd54450c72f4dc081.pem"
"OIT","SHAKEN 278K","https://certificates.clearip.com/36952c34-78d8-4c32-9499-188a418f31ba/9fd3287c78dc286fc2662dccabd2a7bb.pem"
"OIT","SHAKEN 278K","https://certificates.clearip.com/36952c34-78d8-4c32-9499-188a418f31ba/cb042f315bec56fc32f101c7cb686278.pem"
"Telco Experts","SHAKEN 056J","https://certificates.clearip.com/384afe84-56e7-4f0a-a8f8-9be6e100ab3e/86041b4ca313a03fab1401d13a820e26.pem"
"Telco Experts","SHAKEN 056J","https://certificates.clearip.com/384afe84-56e7-4f0a-a8f8-9be6e100ab3e/bd57ebc311aedc3a3d6e9e257b5f542c.pem"
"VoIPX International Inc","SHAKEN 918J","https://certificates.clearip.com/3bbe1f4c-3184-44ee-84f4-2f63891aa57b/a99ebf977abf4bb8bfe108293a6160c2.pem"
"VoIPX International Inc","SHAKEN 918J","https://certificates.clearip.com/3bbe1f4c-3184-44ee-84f4-2f63891aa57b/d9b86d264d8bfdcea8367f36c90b1ee6.pem"
"BluIP Inc.","SHAKEN 819H","https://certificates.clearip.com/3c4ce448-386b-4d47-a276-7fe32e380a83/4aeb38e29c69d53bb556743b56d45ba8.pem"
"BluIP Inc.","SHAKEN 819H","https://certificates.clearip.com/3c4ce448-386b-4d47-a276-7fe32e380a83/4b4864132e0ee2eed5e9ad420537cfb6.pem"
"BluIP Inc.","SHAKEN 819H","https://certificates.clearip.com/3c4ce448-386b-4d47-a276-7fe32e380a83/4ee615b5529bd70c419574ec6ec993cf.pem"
"BluIP Inc.","SHAKEN 819H","https://certificates.clearip.com/3c4ce448-386b-4d47-a276-7fe32e380a83/7a4d69f0a0ff2d376e851bab1a16f9e5.pem"
"BluIP Inc.","SHAKEN 819H","https://certificates.clearip.com/3c4ce448-386b-4d47-a276-7fe32e380a83/918c386fd44ecab91d5ded655b2c20b0.pem"
"BluIP Inc.","SHAKEN 819H","https://certificates.clearip.com/3c4ce448-386b-4d47-a276-7fe32e380a83/99c1391d889020cdb4cee8e62aa80825.pem"
"BluIP Inc.","SHAKEN 819H","https://certificates.clearip.com/3c4ce448-386b-4d47-a276-7fe32e380a83/c9df3383702c360f3000ec9968f03d8b.pem"
"BluIP Inc.","SHAKEN 819H","https://certificates.clearip.com/3c4ce448-386b-4d47-a276-7fe32e380a83/ffef99cc09645bfeb327380d6b236a5f.pem"
"UniTel Voice","SHAKEN 793J","https://certificates.clearip.com/45c216c2-fbb9-4f33-a3cf-6a64aad19357/25951ca4954a54c8d336007f41644089.pem"
"UniTel Voice","SHAKEN 793J","https://certificates.clearip.com/45c216c2-fbb9-4f33-a3cf-6a64aad19357/ac9e8f52e8a0ec67ce3aa73bc710735f.pem"
"UniTel Voice","SHAKEN 793J","https://certificates.clearip.com/45c216c2-fbb9-4f33-a3cf-6a64aad19357/e9b3255d75c9fe1c90b40cc1a9776011.pem"
"Affiliated Technology Solutions LLC","SHAKEN 769J","https://certificates.clearip.com/471a46b3-3de4-4aa2-964b-2ff03ddbc8fe/5399aa88e45dc2273bf83cc11b18b3a7.pem"
"Affiliated Technology Solutions LLC","SHAKEN 769J","https://certificates.clearip.com/471a46b3-3de4-4aa2-964b-2ff03ddbc8fe/851599d3ef3ba9a16aa77063a3240833.pem"
"Affiliated Technology Solutions LLC","SHAKEN 769J","https://certificates.clearip.com/471a46b3-3de4-4aa2-964b-2ff03ddbc8fe/d56bd1655cdcf43a507902221b01f753.pem"
"Fusion Networks","SHAKEN 916J","https://certificates.clearip.com/48c90e4a-a2cf-4e37-bd41-4c9bf99d32ac/f8191017203e97aa7f3bf75438273a72.pem"
"Atheral","SHAKEN 107K","https://certificates.clearip.com/4ba6f296-2d7c-42c2-8fe4-12b74f5076df/3f3dbf1975c9ab4b33450996282f58cb.pem"
"Atheral","SHAKEN 107K","https://certificates.clearip.com/4ba6f296-2d7c-42c2-8fe4-12b74f5076df/8624c57cb5bae15eefe0c18490948d41.pem"
"Atheral","SHAKEN 107K","https://certificates.clearip.com/4ba6f296-2d7c-42c2-8fe4-12b74f5076df/bbb2ce089e69ca426c4375841dad4178.pem"
"Atheral","SHAKEN 107K","https://certificates.clearip.com/4ba6f296-2d7c-42c2-8fe4-12b74f5076df/c1634f554819e62264e1e04f4544a32f.pem"
"Atheral","SHAKEN 107K","https://certificates.clearip.com/4ba6f296-2d7c-42c2-8fe4-12b74f5076df/cb4f0e786038a1221b086198e6449705.pem"
"InPhonex.com, LLC.","SHAKEN 1821","https://certificates.clearip.com/4eed3a39-8f41-4acb-9b86-42a558b3455a/3985ea9b54d2309e13a5e8996d4c846a.pem"
"InPhonex.com, LLC.","SHAKEN 1821","https://certificates.clearip.com/4eed3a39-8f41-4acb-9b86-42a558b3455a/a800a09771486ab5f1f6b2de2cffc00c.pem"
"Global Telecom","SHAKEN 130B","https://certificates.clearip.com/4efae05c-c8cd-405b-ae97-c62a52afd074/2f9fbd9cb49279c3b553c6bd9ee383ee.pem"
"Grid4 Communications","SHAKEN 9714","https://certificates.clearip.com/51a37c7a-5af2-439d-94ce-677fa750ee2f/2574096f567842a90e74c70e07de3333.pem"
"Grid4 Communications","SHAKEN 9714","https://certificates.clearip.com/51a37c7a-5af2-439d-94ce-677fa750ee2f/46c406131ba5bd50525f194f3dc14485.pem"
"Grid4 Communications","SHAKEN 9714","https://certificates.clearip.com/51a37c7a-5af2-439d-94ce-677fa750ee2f/4ed1cdeae5e330e85aa1a08b0499c57e.pem"
"Grid4 Communications","SHAKEN 9714","https://certificates.clearip.com/51a37c7a-5af2-439d-94ce-677fa750ee2f/530efaf204db544a8f79466c861d7386.pem"
"Grid4 Communications","SHAKEN 9714","https://certificates.clearip.com/51a37c7a-5af2-439d-94ce-677fa750ee2f/7f824bec656dcd7a0d69cbbf76421f73.pem"
"Grid4 Communications","SHAKEN 9714","https://certificates.clearip.com/51a37c7a-5af2-439d-94ce-677fa750ee2f/859e58181583d0d83e3f5f21516a6cff.pem"
"Grid4 Communications","SHAKEN 9714","https://certificates.clearip.com/51a37c7a-5af2-439d-94ce-677fa750ee2f/e7c413b1f4ba16046abca964d1f74da4.pem"
"ESI","SHAKEN 983J","https://certificates.clearip.com/59ebb7c1-25bd-4dfc-9794-fcb104b2f66a/04246d3ef3ce48024734532ffdbf920c.pem"
"ESI","SHAKEN 983J","https://certificates.clearip.com/59ebb7c1-25bd-4dfc-9794-fcb104b2f66a/1c12e6720e37cd8b0160dc8d126bdd22.pem"
"ESI","SHAKEN 983J","https://certificates.clearip.com/59ebb7c1-25bd-4dfc-9794-fcb104b2f66a/27764f042389ce93b9fec8ca0855ae4b.pem"
"ESI","SHAKEN 983J","https://certificates.clearip.com/59ebb7c1-25bd-4dfc-9794-fcb104b2f66a/2f12ebcd6610db37602647f20f4335d8.pem"
"ESI","SHAKEN 983J","https://certificates.clearip.com/59ebb7c1-25bd-4dfc-9794-fcb104b2f66a/2f609e8b52f247e91e8229339371884d.pem"
"ESI","SHAKEN 983J","https://certificates.clearip.com/59ebb7c1-25bd-4dfc-9794-fcb104b2f66a/37b8f7d06e9f6057267cbaa49b927ca7.pem"
"ESI","SHAKEN 983J","https://certificates.clearip.com/59ebb7c1-25bd-4dfc-9794-fcb104b2f66a/440f7fc8e61df3c959847a66e958be5d.pem"
"ESI","SHAKEN 983J","https://certificates.clearip.com/59ebb7c1-25bd-4dfc-9794-fcb104b2f66a/4eaa641b4d155d8ec6fd489a165d051a.pem"
"ESI","SHAKEN 983J","https://certificates.clearip.com/59ebb7c1-25bd-4dfc-9794-fcb104b2f66a/4edcb44e0360ed67fbd30405e73b6e21.pem"
"ESI","SHAKEN 983J","https://certificates.clearip.com/59ebb7c1-25bd-4dfc-9794-fcb104b2f66a/61f4b2f02a3fde483e0a75ab26c4524b.pem"
"ESI","SHAKEN 983J","https://certificates.clearip.com/59ebb7c1-25bd-4dfc-9794-fcb104b2f66a/633629e02b9ac5be93e30c1af326d37e.pem"
"ESI","SHAKEN 983J","https://certificates.clearip.com/59ebb7c1-25bd-4dfc-9794-fcb104b2f66a/7f9e3ade073f35a46bcda69239717d6a.pem"
"ESI","SHAKEN 983J","https://certificates.clearip.com/59ebb7c1-25bd-4dfc-9794-fcb104b2f66a/809206ae6c9e0e1a735c3716c90d450a.pem"
"ESI","SHAKEN 983J","https://certificates.clearip.com/59ebb7c1-25bd-4dfc-9794-fcb104b2f66a/809f4c597c0de04f369364172b616142.pem"
"ESI","SHAKEN 983J","https://certificates.clearip.com/59ebb7c1-25bd-4dfc-9794-fcb104b2f66a/8ed255cc79b69cd447a8376991b71937.pem"
"ESI","SHAKEN 983J","https://certificates.clearip.com/59ebb7c1-25bd-4dfc-9794-fcb104b2f66a/a275c9900315d7dc5e260ef83e08e3f4.pem"
"ESI","SHAKEN 983J","https://certificates.clearip.com/59ebb7c1-25bd-4dfc-9794-fcb104b2f66a/ac538bf559c04fd9143ab4aa59589b1c.pem"
"ESI","SHAKEN 983J","https://certificates.clearip.com/59ebb7c1-25bd-4dfc-9794-fcb104b2f66a/dafc6d95003d711a029d6a69af6b67bd.pem"
"USA Digital","SHAKEN 366G","https://certificates.clearip.com/5a565c0f-433a-4bce-b57c-868e3e7b3002/128a99f55845a19f6ec13f5c4c802b52.pem"
"USA Digital","SHAKEN 366G","https://certificates.clearip.com/5a565c0f-433a-4bce-b57c-868e3e7b3002/2e77defe4a8429949b132e9654096aff.pem"
"USA Digital","SHAKEN 366G","https://certificates.clearip.com/5a565c0f-433a-4bce-b57c-868e3e7b3002/8e17bb50208297f77475f2ce642ab828.pem"
"USA Digital","SHAKEN 366G","https://certificates.clearip.com/5a565c0f-433a-4bce-b57c-868e3e7b3002/cacc9bd3efa15009de141b3b3321d9da.pem"
"USA Digital","SHAKEN 366G","https://certificates.clearip.com/5a565c0f-433a-4bce-b57c-868e3e7b3002/d2da023581fa7cf03e12ddecff9f129c.pem"
"USA Digital","SHAKEN 366G","https://certificates.clearip.com/5a565c0f-433a-4bce-b57c-868e3e7b3002/dbae90978ee5b2d8c6a8edf9d5ece370.pem"
"Logista Solutions","SHAKEN 089K","https://certificates.clearip.com/5f7c135d-caf3-4661-abb1-d1720e7872e2/06bce0219cbd2420e11523954915f6ef.pem"
"Logista Solutions","SHAKEN 089K","https://certificates.clearip.com/5f7c135d-caf3-4661-abb1-d1720e7872e2/0b93558c1723c6dca5c45d78215df1ef.pem"
"Logista Solutions","SHAKEN 089K","https://certificates.clearip.com/5f7c135d-caf3-4661-abb1-d1720e7872e2/1022ee180b7db2f1ca2ec253c94dfad0.pem"
"Logista Solutions","SHAKEN 089K","https://certificates.clearip.com/5f7c135d-caf3-4661-abb1-d1720e7872e2/11619920d7fee7122cd5c5a1ea6203f4.pem"
"Logista Solutions","SHAKEN 089K","https://certificates.clearip.com/5f7c135d-caf3-4661-abb1-d1720e7872e2/674a5562b2bf580c4f37085deac65303.pem"
"Logista Solutions","SHAKEN 089K","https://certificates.clearip.com/5f7c135d-caf3-4661-abb1-d1720e7872e2/a1d7174c35b1f65a648365b2d6981577.pem"
"Logista Solutions","SHAKEN 089K","https://certificates.clearip.com/5f7c135d-caf3-4661-abb1-d1720e7872e2/b9cb01d271bddd30e431e854f8c2cce3.pem"
"Logista Solutions","SHAKEN 089K","https://certificates.clearip.com/5f7c135d-caf3-4661-abb1-d1720e7872e2/d5b8fef3be8fc769bfe4063c5ba64a2c.pem"
"SumoFiber","SHAKEN 727J","https://certificates.clearip.com/60e08b8b-2fd4-455e-9e9a-faa0470820d8/03e56de8fcf7a553e3a54bdb82bd163b.pem"
"Xtel","SHAKEN 854D","https://certificates.clearip.com/627e4253-759f-447e-b1a0-c9cda9a6d597/0975d43d6640bf49c8eb3d523bcac470.pem"
"Xtel","SHAKEN 854D","https://certificates.clearip.com/627e4253-759f-447e-b1a0-c9cda9a6d597/b0066404e0aac0b7ab4cd171159c982d.pem"
"Xtel","SHAKEN 854D","https://certificates.clearip.com/627e4253-759f-447e-b1a0-c9cda9a6d597/eef13829c4b0f7d34e0feab46b71acf9.pem"
"Global Data Systems Inc.","SHAKEN 606F","https://certificates.clearip.com/756cb700-f9d2-4a05-850e-c9dfe3e22de4/42afb34dfd1964ebae01739d9e7120bd.pem"
"Global Data Systems Inc.","SHAKEN 606F","https://certificates.clearip.com/756cb700-f9d2-4a05-850e-c9dfe3e22de4/6410808e3d363b24e911e9dd36c6ef8d.pem"
"Global Data Systems Inc.","SHAKEN 606F","https://certificates.clearip.com/756cb700-f9d2-4a05-850e-c9dfe3e22de4/712fc5b5866f6ee8e9867225f645ec1a.pem"
"Global Data Systems Inc.","SHAKEN 606F","https://certificates.clearip.com/756cb700-f9d2-4a05-850e-c9dfe3e22de4/a12f3d112f54827a26f94c7c688b31fd.pem"
"Global Data Systems Inc.","SHAKEN 606F","https://certificates.clearip.com/756cb700-f9d2-4a05-850e-c9dfe3e22de4/dccffbc5c2aa54f5f8526ca234e29830.pem"
"Procomm Online Inc","SHAKEN 970J","https://certificates.clearip.com/795acb3b-a8b6-46c4-8ba6-82b33e759e7b/0472866da4fbd975377364ba11030eb9.pem"
"Procomm Online Inc","SHAKEN 970J","https://certificates.clearip.com/795acb3b-a8b6-46c4-8ba6-82b33e759e7b/9bc0e70bb98fca6ac8c5eb7105d3f24a.pem"
"DigitalSpeed Communications","SHAKEN 157C","https://certificates.clearip.com/82d97ecb-9b38-4926-9062-8e21b8986930/28ec7e97780e7ae26bbe623cc083537c.pem"
"DigitalSpeed Communications","SHAKEN 157C","https://certificates.clearip.com/82d97ecb-9b38-4926-9062-8e21b8986930/4a5ab5a3b56a2bb35ff2b29c212a2ab8.pem"
"Toly Digital Networks Inc","SHAKEN 691J","https://certificates.clearip.com/84c98183-b28e-415a-8dc4-ba02b9ca5418/d99780f1c4a7a1ad60a27b0d675c73f5.pem"
"Clarity Voice","SHAKEN 297K","https://certificates.clearip.com/859299ca-4c86-4dfd-9785-6c758bee1b37/34b0b778ed9b4f95b12b2a1c9fbb50de.pem"
"Clarity Voice","SHAKEN 297K","https://certificates.clearip.com/859299ca-4c86-4dfd-9785-6c758bee1b37/6b7e2daa26347b1369c76e30cb8994a2.pem"
"Clarity Voice","SHAKEN 297K","https://certificates.clearip.com/859299ca-4c86-4dfd-9785-6c758bee1b37/fc801558e11d85f018c7783bb92429e8.pem"
"Clarity Voice","SHAKEN 297K","https://certificates.clearip.com/859299ca-4c86-4dfd-9785-6c758bee1b37/fe12391f1a85a76c2a5f78dc986d9e14.pem"
"Fuse.Cloud","SHAKEN 849J","https://certificates.clearip.com/86e241b8-9c8e-4431-b35f-4d92844a1da9/10794cd61fd872d194d86094c45350e6.pem"
"Fuse.Cloud","SHAKEN 849J","https://certificates.clearip.com/86e241b8-9c8e-4431-b35f-4d92844a1da9/5964d027be7565d20bd77769e0ddc97b.pem"
"Fuse.Cloud","SHAKEN 849J","https://certificates.clearip.com/86e241b8-9c8e-4431-b35f-4d92844a1da9/5d3642ee14c8c74eed126e51171527ee.pem"
"Fuse.Cloud","SHAKEN 849J","https://certificates.clearip.com/86e241b8-9c8e-4431-b35f-4d92844a1da9/67a6dac37c7ee9355e89125918e7dfca.pem"
"Fuse.Cloud","SHAKEN 849J","https://certificates.clearip.com/86e241b8-9c8e-4431-b35f-4d92844a1da9/7e95ba9df7251efe162ca3432df22012.pem"
"Fuse.Cloud","SHAKEN 849J","https://certificates.clearip.com/86e241b8-9c8e-4431-b35f-4d92844a1da9/918ccaa29f74fe641254c97bed028f13.pem"
"Fuse.Cloud","SHAKEN 849J","https://certificates.clearip.com/86e241b8-9c8e-4431-b35f-4d92844a1da9/b15fd46f0c04f43108e7920a6c521f54.pem"
"Fuse.Cloud","SHAKEN 849J","https://certificates.clearip.com/86e241b8-9c8e-4431-b35f-4d92844a1da9/bd852bf061c1db8dbe457102f941cfe4.pem"
"Fuse.Cloud","SHAKEN 849J","https://certificates.clearip.com/86e241b8-9c8e-4431-b35f-4d92844a1da9/d976dc1a93579782c232c8eda65e58aa.pem"
"Fuse.Cloud","SHAKEN 849J","https://certificates.clearip.com/86e241b8-9c8e-4431-b35f-4d92844a1da9/e74da00789a8107a21a0995ac330d883.pem"
"T3 Communications Inc.","SHAKEN 469A","https://certificates.clearip.com/88814589-ad88-4c53-b3c3-47f8334afb98/0b7f9f47c95c7299c633ebcb39628474.pem"
"T3 Communications Inc.","SHAKEN 469A","https://certificates.clearip.com/88814589-ad88-4c53-b3c3-47f8334afb98/0edc94c91013b6897f7e8960ef0cedc9.pem"
"T3 Communications Inc.","SHAKEN 469A","https://certificates.clearip.com/88814589-ad88-4c53-b3c3-47f8334afb98/293c1d0ab822f89a973e14854644e325.pem"
"T3 Communications Inc.","SHAKEN 469A","https://certificates.clearip.com/88814589-ad88-4c53-b3c3-47f8334afb98/61db9dd902bd71a164aa5c3770731009.pem"
"T3 Communications Inc.","SHAKEN 469A","https://certificates.clearip.com/88814589-ad88-4c53-b3c3-47f8334afb98/65b9c8389b135d2db8bd95e6d1e8c36e.pem"
"T3 Communications Inc.","SHAKEN 469A","https://certificates.clearip.com/88814589-ad88-4c53-b3c3-47f8334afb98/854141058ea80d95f5a6d8f2bf459639.pem"
"T3 Communications Inc.","SHAKEN 469A","https://certificates.clearip.com/88814589-ad88-4c53-b3c3-47f8334afb98/854aa62142f243f9db35c64cc6e773d2.pem"
"T3 Communications Inc.","SHAKEN 469A","https://certificates.clearip.com/88814589-ad88-4c53-b3c3-47f8334afb98/d209d6985503c879b095a4c5661a80af.pem"
"Votacall Inc","SHAKEN 726J","https://certificates.clearip.com/88dbb645-62bf-4d40-960c-4e8e3223880f/2161b4be0d61ff1a6e74f551cd1b8049.pem"
"Votacall Inc","SHAKEN 726J","https://certificates.clearip.com/88dbb645-62bf-4d40-960c-4e8e3223880f/69b0d26ffdfea695ce7cfe3464135ee0.pem"
"Votacall Inc","SHAKEN 726J","https://certificates.clearip.com/88dbb645-62bf-4d40-960c-4e8e3223880f/6f4c58e2b5fa4cc73657b70dc9cd0f4d.pem"
"Votacall Inc","SHAKEN 726J","https://certificates.clearip.com/88dbb645-62bf-4d40-960c-4e8e3223880f/aeecdd08bbcfd4e4e6150f7704e02c62.pem"
"Cytracom, LLC","SHAKEN 177K","https://certificates.clearip.com/8d118994-4994-4735-ac71-42c0bbb7848f/38b263d9e700daf7431b0dbfb4615808.pem"
"Cytracom, LLC","SHAKEN 177K","https://certificates.clearip.com/8d118994-4994-4735-ac71-42c0bbb7848f/3c51bbddeccc4e1d7c27af971c824a68.pem"
"Cytracom, LLC","SHAKEN 177K","https://certificates.clearip.com/8d118994-4994-4735-ac71-42c0bbb7848f/5ffc24495926637ff8068709b875b04f.pem"
"Cytracom, LLC","SHAKEN 177K","https://certificates.clearip.com/8d118994-4994-4735-ac71-42c0bbb7848f/6c0aaa065be50fd3054801aedd8e8406.pem"
"Cytracom, LLC","SHAKEN 177K","https://certificates.clearip.com/8d118994-4994-4735-ac71-42c0bbb7848f/8218775cb0768f965eebf7d5a17e39c9.pem"
"Cytracom, LLC","SHAKEN 177K","https://certificates.clearip.com/8d118994-4994-4735-ac71-42c0bbb7848f/86828f36b776fa3cf2b88baecaddac8a.pem"
"Cytracom, LLC","SHAKEN 177K","https://certificates.clearip.com/8d118994-4994-4735-ac71-42c0bbb7848f/94ee59c9d4aac2b2b367626cb280b1b3.pem"
"Cytracom, LLC","SHAKEN 177K","https://certificates.clearip.com/8d118994-4994-4735-ac71-42c0bbb7848f/da1fe6ddfb98aeae89f430a139f9efe7.pem"
"Cytracom, LLC","SHAKEN 177K","https://certificates.clearip.com/8d118994-4994-4735-ac71-42c0bbb7848f/ef6d556800741e6332c40851aaa1488d.pem"
"Cytracom, LLC","SHAKEN 177K","https://certificates.clearip.com/8d118994-4994-4735-ac71-42c0bbb7848f/f18ba4316996eead719f043a340663da.pem"
"Cytracom, LLC","SHAKEN 177K","https://certificates.clearip.com/8d118994-4994-4735-ac71-42c0bbb7848f/f8ba63442fbd04a812a7e9b23f613c30.pem"
"Go2Uno LLC","SHAKEN 186K","https://certificates.clearip.com/92df566f-5229-4e9a-b7c7-ec203fc4196d/f6fd06cff383c1babdd4f9e1eca1b778.pem"
"Stratus","SHAKEN 495J","https://certificates.clearip.com/94c136bd-6438-40a6-b740-7765d5ead597/8b3ee25d58998b94749600fcd5ec8b75.pem"
"Stratus","SHAKEN 495J","https://certificates.clearip.com/94c136bd-6438-40a6-b740-7765d5ead597/c554fd909a16573071e40fbac14f35bd.pem"
"Magic Apple","SHAKEN 747J","https://certificates.clearip.com/9e31f6fe-cfd3-49cc-b9fc-22963012a8d7/6a30b4d524fb8c97cfbc2c6131c2b4ef.pem"
"Magic Apple","SHAKEN 747J","https://certificates.clearip.com/9e31f6fe-cfd3-49cc-b9fc-22963012a8d7/98b19b690a0b2a441d77d8772aeb821a.pem"
"True IP Solutions","SHAKEN 721J","https://certificates.clearip.com/a1df4bf4-8858-47bb-9388-835c5c7cb5c4/4e583b9d11e190ea91c0687b930b92db.pem"
"True IP Solutions","SHAKEN 721J","https://certificates.clearip.com/a1df4bf4-8858-47bb-9388-835c5c7cb5c4/c444a025b79edfc6845719a4946375dd.pem"
"Viirtue","SHAKEN 790J","https://certificates.clearip.com/a429df3a-62d2-4851-90c8-fc446859fb08/147d5d28d3b8083f0b068b2d530caa59.pem"
"Viirtue","SHAKEN 790J","https://certificates.clearip.com/a429df3a-62d2-4851-90c8-fc446859fb08/566e1ccf948dacabc3abdaa99e668eb5.pem"
"Viirtue","SHAKEN 790J","https://certificates.clearip.com/a429df3a-62d2-4851-90c8-fc446859fb08/59d21baf9d538dbde3950d938f2afaf9.pem"
"Viirtue","SHAKEN 790J","https://certificates.clearip.com/a429df3a-62d2-4851-90c8-fc446859fb08/615bf0d5dc2548fbf2877af69489316b.pem"
"Viirtue","SHAKEN 790J","https://certificates.clearip.com/a429df3a-62d2-4851-90c8-fc446859fb08/6a5c31c11c8abcf08896a7045502d541.pem"
"Viirtue","SHAKEN 790J","https://certificates.clearip.com/a429df3a-62d2-4851-90c8-fc446859fb08/6e47bae2800651ab32507e14aee5c135.pem"
"Viirtue","SHAKEN 790J","https://certificates.clearip.com/a429df3a-62d2-4851-90c8-fc446859fb08/871560c88edd60cdf05c85bf9eae2bf1.pem"
"Viirtue","SHAKEN 790J","https://certificates.clearip.com/a429df3a-62d2-4851-90c8-fc446859fb08/a6eb57dd1b17f42d3931027cb652bb53.pem"
"Viirtue","SHAKEN 790J","https://certificates.clearip.com/a429df3a-62d2-4851-90c8-fc446859fb08/d409e2ad06ca8da0eec3208c6f98c46f.pem"
"Viirtue","SHAKEN 790J","https://certificates.clearip.com/a429df3a-62d2-4851-90c8-fc446859fb08/df09a6def78f6ee9cf90e390af802924.pem"
"Viirtue","SHAKEN 790J","https://certificates.clearip.com/a429df3a-62d2-4851-90c8-fc446859fb08/eb3b9185da90cc504f48d54c5662f6b0.pem"
"Cloud Voice Tel","SHAKEN 111K","https://certificates.clearip.com/ae8a8a64-668f-4934-823d-42ebc587f82a/af862ae5ed3fbfa249b1c23dfb7b7ec6.pem"
"Hypercore Networks, Inc","SHAKEN 291K","https://certificates.clearip.com/b66a7496-cdd4-46e3-b219-cb0ecdc80d22/1925a83113629fb0818d64cdf29274e3.pem"
"Hypercore Networks, Inc","SHAKEN 291K","https://certificates.clearip.com/b66a7496-cdd4-46e3-b219-cb0ecdc80d22/23aa100ba148645352a6352cdc133a5e.pem"
"Hypercore Networks, Inc","SHAKEN 291K","https://certificates.clearip.com/b66a7496-cdd4-46e3-b219-cb0ecdc80d22/683b5c97b341c10e960f09e32c13d17b.pem"
"Hypercore Networks, Inc","SHAKEN 291K","https://certificates.clearip.com/b66a7496-cdd4-46e3-b219-cb0ecdc80d22/dd9ef96fbf98f0935e2baf5a0813aabc.pem"
"Hypercore Networks, Inc","SHAKEN 291K","https://certificates.clearip.com/b66a7496-cdd4-46e3-b219-cb0ecdc80d22/f10a6e2814430717be9d18e253b564a3.pem"
"Victory Telecom Inc.","SHAKEN 625J","https://certificates.clearip.com/b7343686-5ed8-402c-89a3-8bf1a3d48975/1b6c455dcc3cd7586f99609b4a7291af.pem"
"Victory Telecom Inc.","SHAKEN 625J","https://certificates.clearip.com/b7343686-5ed8-402c-89a3-8bf1a3d48975/1c896d70e07d655d9b044626a079c628.pem"
"Victory Telecom Inc.","SHAKEN 625J","https://certificates.clearip.com/b7343686-5ed8-402c-89a3-8bf1a3d48975/61649b0719ddf13f46df03bd3ca7845a.pem"
"Victory Telecom Inc.","SHAKEN 625J","https://certificates.clearip.com/b7343686-5ed8-402c-89a3-8bf1a3d48975/9152c149094a3c0a73bbaf2924b00f92.pem"
"NetDiverse, LLC","SHAKEN 035K","https://certificates.clearip.com/ba9a1ccc-cb72-4d11-a5b3-b1211e6dea1b/698301eb576be26ebf75aefbdb9424bb.pem"
"VC3","SHAKEN 120K","https://certificates.clearip.com/bcb89748-38e2-45ae-8b54-7efd23525de2/3701279a130218d9cf05b967e8e024e3.pem"
"SIP.US LLC","SHAKEN 738J","https://certificates.clearip.com/bd65ad46-d349-42b3-b28c-24436475d793/1bea1990876ed0d9a57ab06de5d6287c.pem"
"SIP.US LLC","SHAKEN 738J","https://certificates.clearip.com/bd65ad46-d349-42b3-b28c-24436475d793/3736b04dc42f5ada9a09a104fca6a61c.pem"
"SIP.US LLC","SHAKEN 738J","https://certificates.clearip.com/bd65ad46-d349-42b3-b28c-24436475d793/549c28c1f559ab7545480e687c43408c.pem"
"SIP.US LLC","SHAKEN 738J","https://certificates.clearip.com/bd65ad46-d349-42b3-b28c-24436475d793/7ff006ca94b186e33549b589f56c1eb3.pem"
"SIP.US LLC","SHAKEN 738J","https://certificates.clearip.com/bd65ad46-d349-42b3-b28c-24436475d793/897fa3e29271bf32eab3c75497799673.pem"
"SIP.US LLC","SHAKEN 738J","https://certificates.clearip.com/bd65ad46-d349-42b3-b28c-24436475d793/abfdcb1e7dbf5ef3d68ea7f1f6d01f8b.pem"
"SIP.US LLC","SHAKEN 738J","https://certificates.clearip.com/bd65ad46-d349-42b3-b28c-24436475d793/b6580ee349b2c3d8a252f43d6a4463d9.pem"
"SIP.US LLC","SHAKEN 738J","https://certificates.clearip.com/bd65ad46-d349-42b3-b28c-24436475d793/b6e16a069826354fdc7c02b28498f794.pem"
"SIP.US LLC","SHAKEN 738J","https://certificates.clearip.com/bd65ad46-d349-42b3-b28c-24436475d793/c87242a77a0f6c176582d45276917250.pem"
"SIP.US LLC","SHAKEN 738J","https://certificates.clearip.com/bd65ad46-d349-42b3-b28c-24436475d793/d58177517e0fc14f20907e0e296f47f6.pem"
"SIP.US LLC","SHAKEN 738J","https://certificates.clearip.com/bd65ad46-d349-42b3-b28c-24436475d793/d8d9ca0c3b6167b3a8bb8385756c7f37.pem"
"SIP.US LLC","SHAKEN 738J","https://certificates.clearip.com/bd65ad46-d349-42b3-b28c-24436475d793/df27796e2058ebd3153fb6dd48e8ce57.pem"
"SIP.US LLC","SHAKEN 738J","https://certificates.clearip.com/bd65ad46-d349-42b3-b28c-24436475d793/e054aab41422166cb18f62755c06360b.pem"
"SIP.US LLC","SHAKEN 738J","https://certificates.clearip.com/bd65ad46-d349-42b3-b28c-24436475d793/e3b406072c0da8e66d09887b625ab202.pem"
"SIP.US LLC","SHAKEN 738J","https://certificates.clearip.com/bd65ad46-d349-42b3-b28c-24436475d793/e4482eee5ba50d1b292ef965ad02173b.pem"
"SIP.US LLC","SHAKEN 738J","https://certificates.clearip.com/bd65ad46-d349-42b3-b28c-24436475d793/e50490d5def5f9ec5651a0b5693c0a1c.pem"
"SIP.US LLC","SHAKEN 738J","https://certificates.clearip.com/bd65ad46-d349-42b3-b28c-24436475d793/ee66975ddbdbc294e0910d0159da1049.pem"
"Altaworx","SHAKEN 459J","https://certificates.clearip.com/d3d6dbfc-2914-49c7-8f47-d0aa5bd5d764/322d7c5da941a6d008ec9cd6a3ef2ee5.pem"
"Altaworx","SHAKEN 459J","https://certificates.clearip.com/d3d6dbfc-2914-49c7-8f47-d0aa5bd5d764/3466ee3b82c293fa63280340085412c2.pem"
"Altaworx","SHAKEN 459J","https://certificates.clearip.com/d3d6dbfc-2914-49c7-8f47-d0aa5bd5d764/37973387be9bb46b6809434a47baf56e.pem"
"Altaworx","SHAKEN 459J","https://certificates.clearip.com/d3d6dbfc-2914-49c7-8f47-d0aa5bd5d764/3caad53466f33f917b5c468042ec6609.pem"
"Altaworx","SHAKEN 459J","https://certificates.clearip.com/d3d6dbfc-2914-49c7-8f47-d0aa5bd5d764/3e54132d665b1cff63150bfe25d7dcdf.pem"
"Altaworx","SHAKEN 459J","https://certificates.clearip.com/d3d6dbfc-2914-49c7-8f47-d0aa5bd5d764/45f1878035854e922faea72e3c199405.pem"
"Altaworx","SHAKEN 459J","https://certificates.clearip.com/d3d6dbfc-2914-49c7-8f47-d0aa5bd5d764/50585fdb2ec004a4629376b434cffe6c.pem"
"Altaworx","SHAKEN 459J","https://certificates.clearip.com/d3d6dbfc-2914-49c7-8f47-d0aa5bd5d764/50fb67f5412e57d0eb00df7cd191887f.pem"
"Altaworx","SHAKEN 459J","https://certificates.clearip.com/d3d6dbfc-2914-49c7-8f47-d0aa5bd5d764/5c2dbcaff2b4c2ac24a77479b1bfcd39.pem"
"Altaworx","SHAKEN 459J","https://certificates.clearip.com/d3d6dbfc-2914-49c7-8f47-d0aa5bd5d764/666215ba7818d320f99063ea96558fd4.pem"
"Altaworx","SHAKEN 459J","https://certificates.clearip.com/d3d6dbfc-2914-49c7-8f47-d0aa5bd5d764/6921ec9ee0b6d473b91e82469ed67418.pem"
"Altaworx","SHAKEN 459J","https://certificates.clearip.com/d3d6dbfc-2914-49c7-8f47-d0aa5bd5d764/6e0df5aab72d070417858423b3f50a35.pem"
"Altaworx","SHAKEN 459J","https://certificates.clearip.com/d3d6dbfc-2914-49c7-8f47-d0aa5bd5d764/8cb0dce87d05b9515483c81f65663c96.pem"
"Altaworx","SHAKEN 459J","https://certificates.clearip.com/d3d6dbfc-2914-49c7-8f47-d0aa5bd5d764/b9ac4c13c48a2c103d91a1737e93c52a.pem"
"Altaworx","SHAKEN 459J","https://certificates.clearip.com/d3d6dbfc-2914-49c7-8f47-d0aa5bd5d764/bdae391ff1d6b514a957ad48fa3b4b62.pem"
"Altaworx","SHAKEN 459J","https://certificates.clearip.com/d3d6dbfc-2914-49c7-8f47-d0aa5bd5d764/dc38b0fd62993a1abdc6f811e27be5ec.pem"
"Altaworx","SHAKEN 459J","https://certificates.clearip.com/d3d6dbfc-2914-49c7-8f47-d0aa5bd5d764/de647744f805e4eacf47dc53f10bbdeb.pem"
"Altaworx","SHAKEN 459J","https://certificates.clearip.com/d3d6dbfc-2914-49c7-8f47-d0aa5bd5d764/f8d91ff1a3f54de55b4748da578c89be.pem"
"Logista Solutions","SHAKEN 056K","https://certificates.clearip.com/d673a99f-ad2d-4256-8d65-e20ff91adba4/8140550d516aca64f042df75c37894ed.pem"
"iTalkGlobal","SHAKEN 749J","https://certificates.clearip.com/d7bfa171-ff4f-483d-849b-3f987c919d43/1df6267275cf78943a25d7cfe8e44f62.pem"
"iTalkGlobal","SHAKEN 749J","https://certificates.clearip.com/d7bfa171-ff4f-483d-849b-3f987c919d43/d231dd34f8310b359216e546f8265010.pem"
"Clear Rate","SHAKEN 672B","https://certificates.clearip.com/dcef9a97-b864-43ac-830b-2290a8d0f002/4498653f30a0807792d650aa85959a40.pem"
"Clear Rate","SHAKEN 672B","https://certificates.clearip.com/dcef9a97-b864-43ac-830b-2290a8d0f002/6cbc48b81e9f047a5eabc057c2b439d8.pem"
"Clear Rate","SHAKEN 672B","https://certificates.clearip.com/dcef9a97-b864-43ac-830b-2290a8d0f002/8bc01117af6f4610a8a145bb230bb0ad.pem"
"Clear Rate","SHAKEN 672B","https://certificates.clearip.com/dcef9a97-b864-43ac-830b-2290a8d0f002/e0d8a224d979aec6eae697266c6e8846.pem"
"Clear Rate","SHAKEN 672B","https://certificates.clearip.com/dcef9a97-b864-43ac-830b-2290a8d0f002/fd670ee0966d161a5cab78616bbb5670.pem"
"USA Digital","SHAKEN 366G","https://certificates.clearip.com/e9497931-96b3-4ff8-8306-1b1273847a4d/0810de41cdb7434b7de395d8171ac181.pem"
"USA Digital","SHAKEN 366G","https://certificates.clearip.com/e9497931-96b3-4ff8-8306-1b1273847a4d/0876408ad67be9b55e0ff1dccdf26354.pem"
"USA Digital","SHAKEN 366G","https://certificates.clearip.com/e9497931-96b3-4ff8-8306-1b1273847a4d/1299df638a754b6f8cb6b0830f5e9bdb.pem"
"USA Digital","SHAKEN 366G","https://certificates.clearip.com/e9497931-96b3-4ff8-8306-1b1273847a4d/15d50fe5baa51bba2360cc46e2489e06.pem"
"USA Digital","SHAKEN 366G","https://certificates.clearip.com/e9497931-96b3-4ff8-8306-1b1273847a4d/28731493f5ea650cababd4e46e9ea6c0.pem"
"USA Digital","SHAKEN 366G","https://certificates.clearip.com/e9497931-96b3-4ff8-8306-1b1273847a4d/2c64fc878a0c519fec2203c5ab883a5e.pem"
"USA Digital","SHAKEN 366G","https://certificates.clearip.com/e9497931-96b3-4ff8-8306-1b1273847a4d/37051f540b431c48d2c1b4a1c5a9aa25.pem"
"USA Digital","SHAKEN 366G","https://certificates.clearip.com/e9497931-96b3-4ff8-8306-1b1273847a4d/4d384937fa4057d32f2f1aa0fa855ff4.pem"
"USA Digital","SHAKEN 366G","https://certificates.clearip.com/e9497931-96b3-4ff8-8306-1b1273847a4d/59f0afb4d62df958645c6aa48d62462e.pem"
"USA Digital","SHAKEN 366G","https://certificates.clearip.com/e9497931-96b3-4ff8-8306-1b1273847a4d/664da3349fd259a9a51e89e03db614e0.pem"
"USA Digital","SHAKEN 366G","https://certificates.clearip.com/e9497931-96b3-4ff8-8306-1b1273847a4d/67ccee23ba400de44b132f6c0f5081b6.pem"
"USA Digital","SHAKEN 366G","https://certificates.clearip.com/e9497931-96b3-4ff8-8306-1b1273847a4d/7621e40d7d8faa67591c3b5e6d5e3b47.pem"
"USA Digital","SHAKEN 366G","https://certificates.clearip.com/e9497931-96b3-4ff8-8306-1b1273847a4d/8ce37165a24eb403ca1ba3ec8e0b2880.pem"
"USA Digital","SHAKEN 366G","https://certificates.clearip.com/e9497931-96b3-4ff8-8306-1b1273847a4d/9c7430413c118911f571254c0e2d3509.pem"
"USA Digital","SHAKEN 366G","https://certificates.clearip.com/e9497931-96b3-4ff8-8306-1b1273847a4d/9e1d3ed89dcf5c806c37ec2ada6c9ebf.pem"
"USA Digital","SHAKEN 366G","https://certificates.clearip.com/e9497931-96b3-4ff8-8306-1b1273847a4d/a09f6e16dd936eb29160d5712d37b82c.pem"
"USA Digital","SHAKEN 366G","https://certificates.clearip.com/e9497931-96b3-4ff8-8306-1b1273847a4d/afe87d15ad0f75a87d520c582d107a86.pem"
"USA Digital","SHAKEN 366G","https://certificates.clearip.com/e9497931-96b3-4ff8-8306-1b1273847a4d/badc360632b171c32d2845cc958684df.pem"
"USA Digital","SHAKEN 366G","https://certificates.clearip.com/e9497931-96b3-4ff8-8306-1b1273847a4d/bb3ea5434671fcb29e9f6786d4b3684d.pem"
"Lumos Networks","SHAKEN 0226","https://certificates.clearip.com/f8a68e44-8fb0-4f28-b533-c4df27ed8e1b/0b76cb34c9170502d9a00a59220461a4.pem"
"Lumos Networks","SHAKEN 0226","https://certificates.clearip.com/f8a68e44-8fb0-4f28-b533-c4df27ed8e1b/1360c3816b650ac4cdaec5b2cec25a77.pem"
"Lumos Networks","SHAKEN 0226","https://certificates.clearip.com/f8a68e44-8fb0-4f28-b533-c4df27ed8e1b/20c3d38176f6dea405fc3505a86f2d39.pem"
"Lumos Networks","SHAKEN 0226","https://certificates.clearip.com/f8a68e44-8fb0-4f28-b533-c4df27ed8e1b/3308d999b65eab97b5f345c45f50851f.pem"
"Lumos Networks","SHAKEN 0226","https://certificates.clearip.com/f8a68e44-8fb0-4f28-b533-c4df27ed8e1b/354c769d22cd45b0212ab4066361c36c.pem"
"Lumos Networks","SHAKEN 0226","https://certificates.clearip.com/f8a68e44-8fb0-4f28-b533-c4df27ed8e1b/476e7f530ea48cdafd20721f304908a0.pem"
"Lumos Networks","SHAKEN 0226","https://certificates.clearip.com/f8a68e44-8fb0-4f28-b533-c4df27ed8e1b/7d433f8fe2c5066e7eb9f730ccfa4536.pem"
"Lumos Networks","SHAKEN 0226","https://certificates.clearip.com/f8a68e44-8fb0-4f28-b533-c4df27ed8e1b/88f6786ec082e66500631a1e1424ce5f.pem"
"Lumos Networks","SHAKEN 0226","https://certificates.clearip.com/f8a68e44-8fb0-4f28-b533-c4df27ed8e1b/92fd31c776ba1655cd3f0d61d72daa79.pem"
"Lumos Networks","SHAKEN 0226","https://certificates.clearip.com/f8a68e44-8fb0-4f28-b533-c4df27ed8e1b/934d9581bbfc5644a50387ca280ebfc0.pem"
"Lumos Networks","SHAKEN 0226","https://certificates.clearip.com/f8a68e44-8fb0-4f28-b533-c4df27ed8e1b/aa786d7a612cb736a1fa3324ab908458.pem"
"Lumos Networks","SHAKEN 0226","https://certificates.clearip.com/f8a68e44-8fb0-4f28-b533-c4df27ed8e1b/c50c7d0604149700d478cf3b266f4273.pem"
"Lumos Networks","SHAKEN 0226","https://certificates.clearip.com/f8a68e44-8fb0-4f28-b533-c4df27ed8e1b/c539ee1451ca7d5743ced515dbade882.pem"
"Lumos Networks","SHAKEN 0226","https://certificates.clearip.com/f8a68e44-8fb0-4f28-b533-c4df27ed8e1b/cdd3b511b36a1e55582d685e00872a44.pem"
"Lumos Networks","SHAKEN 0226","https://certificates.clearip.com/f8a68e44-8fb0-4f28-b533-c4df27ed8e1b/cfc4e5aa3473beac73e5f34be1ae6593.pem"
"SIP.US LLC","SHAKEN 738J","https://certificates.clearip.com/fa6a5cd3-a6c2-4c98-9995-b87249365948/1700d228e9b2572385d79cb03e854b28.pem"
"SIP.US LLC","SHAKEN 738J","https://certificates.clearip.com/fa6a5cd3-a6c2-4c98-9995-b87249365948/1c56fd5520ab59c092295e37299b997c.pem"
"SIP.US LLC","SHAKEN 738J","https://certificates.clearip.com/fa6a5cd3-a6c2-4c98-9995-b87249365948/2976b3f4c2f3b7a890a3c22a8be9cfe7.pem"
"SIP.US LLC","SHAKEN 738J","https://certificates.clearip.com/fa6a5cd3-a6c2-4c98-9995-b87249365948/421f545886441ff856b9a601e966b9ea.pem"
"SIP.US LLC","SHAKEN 738J","https://certificates.clearip.com/fa6a5cd3-a6c2-4c98-9995-b87249365948/42797a066be43e2fe55a600bbf3b148d.pem"
"SIP.US LLC","SHAKEN 738J","https://certificates.clearip.com/fa6a5cd3-a6c2-4c98-9995-b87249365948/45f70207f8b58693b73496fdbe3f3d90.pem"
"SIP.US LLC","SHAKEN 738J","https://certificates.clearip.com/fa6a5cd3-a6c2-4c98-9995-b87249365948/500c018d64467f387ebd88d27dd86ca0.pem"
"SIP.US LLC","SHAKEN 738J","https://certificates.clearip.com/fa6a5cd3-a6c2-4c98-9995-b87249365948/58e0a05b9eaec8615040cd92957cee03.pem"
"SIP.US LLC","SHAKEN 738J","https://certificates.clearip.com/fa6a5cd3-a6c2-4c98-9995-b87249365948/64459e329bf595c2fc75b7caf0f2709b.pem"
"SIP.US LLC","SHAKEN 738J","https://certificates.clearip.com/fa6a5cd3-a6c2-4c98-9995-b87249365948/74fc69535034ba51c8bc3441ab4aae88.pem"
"SIP.US LLC","SHAKEN 738J","https://certificates.clearip.com/fa6a5cd3-a6c2-4c98-9995-b87249365948/a3af8e35746ebb41aac8afeb72e0d244.pem"
"SIP.US LLC","SHAKEN 738J","https://certificates.clearip.com/fa6a5cd3-a6c2-4c98-9995-b87249365948/ba19682ded18730b4491ef9f2297145d.pem"
"SIP.US LLC","SHAKEN 738J","https://certificates.clearip.com/fa6a5cd3-a6c2-4c98-9995-b87249365948/c6d4324dbca3c347a611d084b8cf4cdb.pem"
"SIP.US LLC","SHAKEN 738J","https://certificates.clearip.com/fa6a5cd3-a6c2-4c98-9995-b87249365948/cea4c2ed171821158f662252e91b54a5.pem"
"SIP.US LLC","SHAKEN 738J","https://certificates.clearip.com/fa6a5cd3-a6c2-4c98-9995-b87249365948/dd20f05f87b1e41476f21582bbafe1f3.pem"
"SIP.US LLC","SHAKEN 738J","https://certificates.clearip.com/fa6a5cd3-a6c2-4c98-9995-b87249365948/dd69f8b0f921c4d696f21347eb58d15c.pem"
"SIP.US LLC","SHAKEN 738J","https://certificates.clearip.com/fa6a5cd3-a6c2-4c98-9995-b87249365948/e0dedb2765999d2c94a66e2e0aa83654.pem"
"SIP.US LLC","SHAKEN 738J","https://certificates.clearip.com/fa6a5cd3-a6c2-4c98-9995-b87249365948/ee599abccf11f854c5a0e3d158066150.pem"
"SIP.US LLC","SHAKEN 738J","https://certificates.clearip.com/fa6a5cd3-a6c2-4c98-9995-b87249365948/f58d1f2e2184ea623953eb150bdfb0f0.pem"
"TransNexus, Inc.","SHAKEN 518J","https://certificates.clearip.com/transnexus/028fea0e03c28db631b53e6ebffddbe2.pem"
"TransNexus, Inc.","SHAKEN 518J","https://certificates.clearip.com/transnexus/25cdaea7fd01687e813b32406861e194.pem"
"TransNexus, Inc.","SHAKEN 518J","https://certificates.clearip.com/transnexus/265a58b0095a22a7943fc50a4e8872e0.pem"
"TransNexus, Inc.","SHAKEN 518J","https://certificates.clearip.com/transnexus/2c27a9df6fc78d2ebfe2c2bbc3a20cf5.pem"
"TransNexus, Inc.","SHAKEN 518J","https://certificates.clearip.com/transnexus/838267c36c41823bbb5803612f2f6a89.pem"
"TransNexus, Inc.","SHAKEN 518J","https://certificates.clearip.com/transnexus/84fe0748a821dcf84146b4d0f7d21e7d.pem"
"TransNexus, Inc.","SHAKEN 518J","https://certificates.clearip.com/transnexus/86c6a13e2ea9c75ff17b54c23e9eb500.pem"
"TransNexus, Inc.","SHAKEN 518J","https://certificates.clearip.com/transnexus/8d441cef05e6170d4940b6d981201778.pem"
"TransNexus, Inc.","SHAKEN 518J","https://certificates.clearip.com/transnexus/9b1e8e2332070beb54c03806051637d4.pem"
"TransNexus, Inc.","SHAKEN 518J","https://certificates.clearip.com/transnexus/9c0c31ac7c17c03439a63065c55862aa.pem"
"TransNexus, Inc.","SHAKEN 518J","https://certificates.clearip.com/transnexus/cbbeb09e0839014ad3040bcf0e19c274.pem"
"TransNexus, Inc.","SHAKEN 518J","https://certificates.clearip.com/transnexus/d968224f561dae420a9fed2659d3b578.pem"
"TransNexus, Inc.","SHAKEN 518J","https://certificates.clearip.com/transnexus/e0669c62b2506ba38c028a0a5d547367.pem"
"TransNexus, Inc.","SHAKEN 518J","https://certificates.clearip.com/transnexus/eb0e11794390a53cc84b506bbde1bde9.pem"
"TransNexus, Inc.","SHAKEN 518J","https://certificates.clearip.com/transnexus/fe9c54ed46aa52dc9103cc75a9c0d5cb.pem"
"CallTower","SHAKEN 0172","https://certificates.transnexus.com/0172/1bedfcfe-614d-40a7-b039-1dcec8446bc4.pem"
"CallTower","SHAKEN 0172","https://certificates.transnexus.com/0172/2132f887-b545-45c6-b3f2-741ad5028f76.pem"
"CallTower","SHAKEN 0172","https://certificates.transnexus.com/0172/4a46be44-5ac1-4828-b08d-a2f31129c08a.pem"
"CallTower","SHAKEN 0172","https://certificates.transnexus.com/0172/4fac8936-ad2c-475a-8dca-dcdb2cd50914.pem"
"CallTower","SHAKEN 0172","https://certificates.transnexus.com/0172/50ba9998-383d-4d84-a83f-4856f51a756a.pem"
"CallTower","SHAKEN 0172","https://certificates.transnexus.com/0172/5e78d32f-f3d0-40ce-8e13-a4ab4657766c.pem"
"CallTower","SHAKEN 0172","https://certificates.transnexus.com/0172/6ad77abb-0797-4dac-bcfc-875db8274f31.pem"
"CallTower","SHAKEN 0172","https://certificates.transnexus.com/0172/9118e5ca-57ff-47fe-bc3d-01380c3ef4f7.pem"
"CallTower","SHAKEN 0172","https://certificates.transnexus.com/0172/ada05b5e-0834-4c88-ba1f-4a8e4e907ba5.pem"
"CallTower","SHAKEN 0172","https://certificates.transnexus.com/0172/c64856ef-22f4-4936-9799-7a5e7e058e54.pem"
"CallTower","SHAKEN 0172","https://certificates.transnexus.com/0172/c6ebb6b8-5f0d-4656-935f-cb13d73f6128.pem"
"CallTower","SHAKEN 0172","https://certificates.transnexus.com/0172/cbcf3408-6748-4bd7-a9ff-8886d21b6824.pem"
"CallTower","SHAKEN 0172","https://certificates.transnexus.com/0172/d1be3f78-bfc4-426b-8bd8-28bfd3a114db.pem"
"TISD","SHAKEN 031K","https://certificates.transnexus.com/031K/ba0288df-daa5-44b5-a1a3-3270140129ed.pem"
"U Communications","SHAKEN 066K","https://certificates.transnexus.com/066K/8d407530-1355-4576-8fa1-d7ad1efe4299.pem"
"Telnyx LCC","SHAKEN 073H","https://certificates.transnexus.com/073H/d89fe29a-1d12-4fe3-b002-f0dc1c09904d.pem"
"Skywave Wireless Inc","SHAKEN 093K","https://certificates.transnexus.com/093K/26bed0c9-863c-4e31-9972-8ca30a9ea44f.pem"
"Skywave Wireless Inc","SHAKEN 093K","https://certificates.transnexus.com/093K/574481eb-e555-46a5-82e0-cb1e97ac0603.pem"
"RenterNET","SHAKEN 115K","https://certificates.transnexus.com/115K/fc9eb1ec-7be6-4ebc-b2ac-d1727482970c.pem"
"Orange County Rural Electric Membership Coop","SHAKEN 148K","https://certificates.transnexus.com/148K/340eb5b1-b461-4f5e-81f7-6da527199eb9.pem"
"Edge Communications","SHAKEN 159H","https://certificates.transnexus.com/159H/6e007fb6-394c-467e-817f-16e042273da1.pem"
"Edge Communications","SHAKEN 159H","https://certificates.transnexus.com/159H/7871f4a2-5aa5-4adf-96c6-cc4ff0163c87.pem"
"Edge Communications","SHAKEN 159H","https://certificates.transnexus.com/159H/c52be509-f1a2-4b77-9300-df1f3ffb4245.pem"
"Edge Communications","SHAKEN 159H","https://certificates.transnexus.com/159H/d63a047f-9c5a-44e6-b60a-35f1c738015e.pem"
"Edge Communications","SHAKEN 159H","https://certificates.transnexus.com/159H/ec4a88af-c343-401e-84e6-3abcd80ae6ee.pem"
"Gonthier Inc","SHAKEN 166K","https://certificates.transnexus.com/166K/b4f563ea-1dd9-40bc-be12-ef0190b82bad.pem"
"8x8 Inc","SHAKEN 193E","https://certificates.transnexus.com/193E/236c2c22-882e-444f-a83e-67ca1a66297b.pem"
"8x8 Inc","SHAKEN 193E","https://certificates.transnexus.com/193E/7e5d014c-ed0c-4a12-8c38-df64aa8be83d.pem"
"8x8 Inc","SHAKEN 193E","https://certificates.transnexus.com/193E/88d4a5ec-9d92-462a-9149-735bef3556fc.pem"
"Ooma Inc","SHAKEN 345J","https://certificates.transnexus.com/345J/0214c6f0-8b6e-449e-ac97-a479ee730184.pem"
"Ooma Inc","SHAKEN 345J","https://certificates.transnexus.com/345J/31d44cfd-02e8-4a99-830b-c56a58de1835.pem"
"Ooma Inc","SHAKEN 345J","https://certificates.transnexus.com/345J/56df494f-d550-4853-8d8f-bb237b4fe795.pem"
"Ooma Inc","SHAKEN 345J","https://certificates.transnexus.com/345J/84bd095a-afff-4ef9-bb30-3061e3e407cb.pem"
"Ooma Inc","SHAKEN 345J","https://certificates.transnexus.com/345J/8988995e-17ef-45ca-baf2-b4779b4f3188.pem"
"Ooma Inc","SHAKEN 345J","https://certificates.transnexus.com/345J/951b8406-ac81-4d2d-a6fd-78fa11b17cb8.pem"
"Ooma Inc","SHAKEN 345J","https://certificates.transnexus.com/345J/afae2b46-8b8c-49e0-8e83-b00e842db61c.pem"
"Ooma Inc","SHAKEN 345J","https://certificates.transnexus.com/345J/ddddd245-79a7-4779-a067-cc56739bf26b.pem"
"HFA Services LLC dba Call48","SHAKEN 505J","https://certificates.transnexus.com/505J/e7c8b693-b40a-4cfd-bd50-260db797f09b.pem"
"HFA Services LLC dba Call48","SHAKEN 505J","https://certificates.transnexus.com/505J/ec7d1cb5-b714-4373-ad07-ef0e95a1e098.pem"
"Brightlink Communications LLC","SHAKEN 551G","https://certificates.transnexus.com/551G/1f8e3805-a178-47e6-8e1e-9b1d3d948e2b.pem"
"Brightlink Communications LLC","SHAKEN 551G","https://certificates.transnexus.com/551G/2b7e29f8-7d04-4cac-8516-eaa9b06d8b36.pem"
"Brightlink Communications LLC","SHAKEN 551G","https://certificates.transnexus.com/551G/35fca9a0-d72b-46a4-8026-fc733ccc885e.pem"
"Brightlink Communications LLC","SHAKEN 551G","https://certificates.transnexus.com/551G/5e9b9425-0de5-42cb-b080-d82b6583ed88.pem"
"Brightlink Communications LLC","SHAKEN 551G","https://certificates.transnexus.com/551G/64567684-6838-4fba-9de6-02cf60d39199.pem"
"Brightlink Communications LLC","SHAKEN 551G","https://certificates.transnexus.com/551G/80afad74-7d8f-4c50-a4cf-903042b30608.pem"
"Brightlink Communications LLC","SHAKEN 551G","https://certificates.transnexus.com/551G/8240af5f-7059-41ee-b8bb-0e42bb96f67c.pem"
"Brightlink Communications LLC","SHAKEN 551G","https://certificates.transnexus.com/551G/943338f5-bdb6-4d1e-a761-98bb9d714f94.pem"
"Brightlink Communications LLC","SHAKEN 551G","https://certificates.transnexus.com/551G/9c5104f0-60dc-41d7-aeee-cba2a85b8e39.pem"
"Brightlink Communications LLC","SHAKEN 551G","https://certificates.transnexus.com/551G/ad6412b9-b448-4b1a-8e95-d00b1b0a6274.pem"
"Brightlink Communications LLC","SHAKEN 551G","https://certificates.transnexus.com/551G/cda98320-b55d-4677-b2f3-771ab42f88f2.pem"
"Brightlink Communications LLC","SHAKEN 551G","https://certificates.transnexus.com/551G/e227d251-a1bf-4e1b-92c9-010b6438ecaa.pem"
"Brightlink Communications LLC","SHAKEN 551G","https://certificates.transnexus.com/551G/f221d48c-a740-448f-b89c-ad81a6f2c256.pem"
"Call Tools Inc","SHAKEN 578J","https://certificates.transnexus.com/578J/8e374e10-eba0-45b0-b09a-b7086947dd7c.pem"
"Voxtelesys","SHAKEN 597J","https://certificates.transnexus.com/597J/6572b8e4-01de-48c3-9b11-d21cd134c569.pem"
"Skye Telecom LLC","SHAKEN 622J","https://certificates.transnexus.com/622J/03cbcfec-3614-4fd4-8c38-495fbae7f25d.pem"
"Skye Telecom LLC","SHAKEN 622J","https://certificates.transnexus.com/622J/e06fa5f9-05dc-4e5f-894b-372cfe982864.pem"
"Merryville Investments LTD Inc dba ClarityTel","SHAKEN 6628","https://certificates.transnexus.com/6628/e0f14ccb-0cb4-4b46-a7b7-988bdfd30cce.pem"
"TransNexus","CCI SHAKEN 663J","https://certificates.transnexus.com/663J/0b51e9f5-0e35-4d02-acef-5c91c3a6b903.pem"
"TransNexus","TCN SHAKEN 706J","https://certificates.transnexus.com/706J/9a9ea71d-1c8c-424c-8109-df524a4633d8.crt"
"TCN","SHAKEN 706J","https://certificates.transnexus.com/706J/fdb13f3d-0f05-47c8-a047-af2f9e2f7af5.pem"
"EvolveIP LLC","SHAKEN 722J","https://certificates.transnexus.com/722J/2902cf3c-1e73-4c05-ab0e-e702541b2ccc.pem"
"EvolveIP LLC","SHAKEN 722J","https://certificates.transnexus.com/722J/a547c920-fe4c-4086-a4cf-a744f0a1a4ce.pem"
"EvolveIP LLC","SHAKEN 722J","https://certificates.transnexus.com/722J/f75ff50a-1fd7-4087-a0a1-de57acb1afc5.pem"
"Masergy Communications","SHAKEN 736J","https://certificates.transnexus.com/736J/27cf1c16-f0f0-41fa-a0c1-6c167396fe34.pem"
"SkySwitch","SHAKEN 738J","https://certificates.transnexus.com/738J/0d61f053-0092-48d0-871d-60932b5d47a1.pem"
"SkySwitch","SHAKEN 738J","https://certificates.transnexus.com/738J/158b2599-ad08-444d-b19c-d7fad37c803f.pem"
"SkySwitch","SHAKEN 738J","https://certificates.transnexus.com/738J/1d80ee50-712d-4ae3-89f2-d794dff47108.pem"
"SkySwitch","SHAKEN 738J","https://certificates.transnexus.com/738J/3f3bd1bb-3dc4-47d2-be79-0b2adc6a7fac.pem"
"SkySwitch","SHAKEN 738J","https://certificates.transnexus.com/738J/41fec2fb-89c5-4e97-952d-2adccd5b42b5.pem"
"SkySwitch","SHAKEN 738J","https://certificates.transnexus.com/738J/44bec728-126b-44d0-bb8e-353df6aa2735.pem"
"SkySwitch","SHAKEN 738J","https://certificates.transnexus.com/738J/53dc795d-4500-48fa-ad47-22a830a64cdb.pem"
"SkySwitch","SHAKEN 738J","https://certificates.transnexus.com/738J/797a6342-1803-4b28-8bcb-bd5d00378940.pem"
"SkySwitch","SHAKEN 738J","https://certificates.transnexus.com/738J/b6c32eb7-1ca3-44c5-ad74-407e91db0d95.pem"
"SkySwitch","SHAKEN 738J","https://certificates.transnexus.com/738J/e0649b30-45ed-447f-88b8-e36af5f8283d.pem"
"CMS Internet","SHAKEN 755J","https://certificates.transnexus.com/755J/5e526fc6-7b0a-43a5-bb13-263d7edc74e3.pem"
"SipPhony LLC","SHAKEN 807J","https://certificates.transnexus.com/807J/99ee724e-0393-41fa-85a3-cb5dfc0ee4de.pem"
"SipPhony LLC","SHAKEN 807J","https://certificates.transnexus.com/807J/a97ca418-f914-4add-ad4b-7caf93cf0f2b.pem"
"382 Communications","SHAKEN 815G","https://certificates.transnexus.com/815G/c147c307-645b-4fcd-99d0-2be9a709b265.pem"
"382 Communications","SHAKEN 815G","https://certificates.transnexus.com/815G/dc14f4fd-d8a5-4499-a672-069fd27430eb.pem"
"Securus Technologies LLC","SHAKEN 841J","https://certificates.transnexus.com/841J/439a753e-d8b0-488e-a771-bd146baafa6c.pem"
"Securus Technologies LLC","SHAKEN 841J","https://certificates.transnexus.com/841J/4dd0cc8d-8dd9-49b0-965c-82179fcfaeaa.pem"
"Securus Technologies LLC","SHAKEN 841J","https://certificates.transnexus.com/841J/9d7f66f7-57ce-45d7-8287-9e09ae7b3383.pem"
"Securus Technologies LLC","SHAKEN 841J","https://certificates.transnexus.com/841J/d54f1da6-1171-4779-833a-2895bb0db10f.pem"
"Securus Technologies LLC","SHAKEN 841J","https://certificates.transnexus.com/841J/dd15de6a-3b78-4ffc-ada0-b68aae5e16f9.pem"
"Securus Technologies LLC","SHAKEN 841J","https://certificates.transnexus.com/841J/e12d6098-8c96-4426-9569-5697571c6804.pem"
"Securus Technologies LLC","SHAKEN 841J","https://certificates.transnexus.com/841J/e553ed40-e847-4372-bf8b-4afc1e23206c.pem"
"Securus Technologies LLC","SHAKEN 841J","https://certificates.transnexus.com/841J/f3c3ccf0-0018-4b22-bf77-8a30b9ffd68e.pem"
"MetTel","SHAKEN 8526","https://certificates.transnexus.com/8526/88a92c6f-973b-4d14-9221-4c577d177131.pem"
"MetTel","SHAKEN 8526","https://certificates.transnexus.com/8526/ce6a0107-6101-4a05-9a81-ae55b304f8f0.pem"
"MetTel","SHAKEN 8526","https://certificates.transnexus.com/8526/f6978975-50bc-40df-b4a2-a1d7794b321f.pem"
"VocalIP","SHAKEN 866J","https://certificates.transnexus.com/866J/6442b809-7dbd-4be7-9b98-a8ec96d005ea.pem"
"TransNexus","MobileSphere SHAKEN 873J","https://certificates.transnexus.com/873J/ac03ff61-e0df-456a-b2b1-d4a8d57afcff.pem"
"Syndeo LLC dba Broadvoice","SHAKEN 952J","https://certificates.transnexus.com/952J/187853bb-a8b0-460f-a3f1-7fcd1d30b142.pem"
"Syndeo LLC dba Broadvoice","SHAKEN 952J","https://certificates.transnexus.com/952J/7787f5d6-eb67-4354-b625-597d01705d8b.pem"
"Syndeo LLC dba Broadvoice","SHAKEN 952J","https://certificates.transnexus.com/952J/933ae4bb-a38f-410b-9c14-38fd2f4c7893.pem"
"Syndeo LLC dba Broadvoice","SHAKEN 952J","https://certificates.transnexus.com/952J/b81c5f3e-5577-44d2-a22e-5bcfb144b13e.pem"
"RingCentral","SHAKEN 986J","https://cr.ccid.neustar.biz/ccid/authn/v2/certs/11565.10211.pem"
"PNC Bank","STIR ECC PNCB","https://cr.ccid.neustar.biz/ccid/authn/v2/certs/11617.10249.pem"
"PNC Bank","STIR ECC PNCB","https://cr.ccid.neustar.biz/ccid/authn/v2/certs/11617.10439.pem"
"US Internet Corp","SHAKEN 737J","https://sti.ravon.net/c/737J_2022-07-20"
"Five9 Inc","SHAKEN 598J","https://sticr-cstga-uat.ccid.neustar/api/v1/certificate/d1dbe1a693cb7464ff1d1edb3fee78e2.pem"
"Rogers Communications Inc","SHAKEN 8821","https://sticr-cstga.ccid.neustar/api/v1/certificate/1da6faf697ce57fff21bed5e9105be2d.crt"
"Vonage","SHAKEN 197D","https://sticr-cstga.ccid.neustar/api/v1/certificate/28c84da8827709c092d8ced9d19cf206.pem"
"RingCentral","SHAKEN 986J","https://sticr-cstga.ccid.neustar/api/v1/certificate/86b53220a1c7dfa5ffb9fb499433dff4.pem"
"Onvoy LLC","SHAKEN 224C","https://sticr-cstga.ccid.neustar/api/v1/certificate/925f707cc3de6c01ae333d764bdc21ae.pem"
"Tata","SHAKEN 651J","https://sticr-cstga.ccid.neustar/api/v1/certificate/9d3817953ef2fbc32ee7ffe136fe661f.pem"
"IRISTEL","SHAKEN 154E","https://sticr-cstga.ccid.neustar/api/v1/certificate/a93fb04b9d4d2e9384352d32f7830cb2.crt"
"Fibernetics","***SHAKEN***464D","https://stir.fibernetics.ca/prod-cert2022.pem"
"Fibernetics","***SHAKEN***464D","https://stir.fibernetics.ca/prod-cert2023.pem"
"Fibernetics","***SHAKEN***464D","https://stir.fibernetics.ca/prod-cert2024.pem"
"Google Voice Canada Corporation","SHAKEN 969H","https://www.gstatic.com/gtp/stir/cpT9T1Zsg38JSHSBuNGgyg.pem"
